{"entities":{"pages":{"luckymonaco-v4":{"id":"luckymonaco-v4","title":"About LuckyMonaco V4","url":"luckymonaco-v4.html","level":0,"pages":["Introduction","Integration-API","Seamless-Wallet-API","Transfer-Wallet-API","Free-Round","Game-History-API"],"tabIndex":0},"Introduction":{"id":"Introduction","title":"Introduction","url":"introduction.html","level":1,"parentId":"luckymonaco-v4","tabIndex":0},"Integration-API":{"id":"Integration-API","title":"Integration API","url":"integration-api.html","level":1,"parentId":"luckymonaco-v4","pages":["GetCasinoGames","Getalistofgameicon","Get-Cason-Icon-List","GetCasinoLanguage","GetCasinoCurrency","Close-Session","Refund","Health-Check","Session-Expired","Startgame"],"tabIndex":1},"GetCasinoGames":{"id":"GetCasinoGames","title":"Get Casino Games","url":"getcasinogames.html","level":2,"parentId":"Integration-API","tabIndex":0},"Getalistofgameicon":{"id":"Getalistofgameicon","title":"Get Casino Icon Info","url":"getalistofgameicon.html","level":2,"parentId":"Integration-API","tabIndex":1},"Get-Cason-Icon-List":{"id":"Get-Cason-Icon-List","title":"Get Cason Icon List","url":"get-cason-icon-list.html","level":2,"parentId":"Integration-API","tabIndex":2},"GetCasinoLanguage":{"id":"GetCasinoLanguage","title":"Get Casino Language","url":"getcasinolanguage.html","level":2,"parentId":"Integration-API","tabIndex":3},"GetCasinoCurrency":{"id":"GetCasinoCurrency","title":"Get Casino Currency","url":"getcasinocurrency.html","level":2,"parentId":"Integration-API","tabIndex":4},"Close-Session":{"id":"Close-Session","title":"Close Session","url":"close-session.html","level":2,"parentId":"Integration-API","tabIndex":5},"Refund":{"id":"Refund","title":"ReFund (Reserved for future development)","url":"refund.html","level":2,"parentId":"Integration-API","tabIndex":6},"Health-Check":{"id":"Health-Check","title":"Health Check","url":"health-check.html","level":2,"parentId":"Integration-API","tabIndex":7},"Session-Expired":{"id":"Session-Expired","title":"Session Expired","url":"session-expired.html","level":2,"parentId":"Integration-API","tabIndex":8},"Startgame":{"id":"Startgame","title":"Start game","url":"startgame.html","level":2,"parentId":"Integration-API","tabIndex":9},"Seamless-Wallet-API":{"id":"Seamless-Wallet-API","title":"Seamless Wallet API","url":"seamless-wallet-api.html","level":1,"parentId":"luckymonaco-v4","pages":["Check","Balance","Bet","Result","Bonus-Win","Jackpot-win","Promo-Win","End-Round","Cancel-Round","Error-code-for-seamless-Wallet"],"tabIndex":2},"Check":{"id":"Check","title":"Check","url":"check.html","level":2,"parentId":"Seamless-Wallet-API","tabIndex":0},"Balance":{"id":"Balance","title":"Balance","url":"balance.html","level":2,"parentId":"Seamless-Wallet-API","tabIndex":1},"Bet":{"id":"Bet","title":"Bet","url":"bet.html","level":2,"parentId":"Seamless-Wallet-API","tabIndex":2},"Result":{"id":"Result","title":"Result","url":"result.html","level":2,"parentId":"Seamless-Wallet-API","tabIndex":3},"Bonus-Win":{"id":"Bonus-Win","title":"Bonus Win (Reserved for future development)","url":"bonus-win.html","level":2,"parentId":"Seamless-Wallet-API","tabIndex":4},"Jackpot-win":{"id":"Jackpot-win","title":"Jackpot win (Reserved for future development)","url":"jackpot-win.html","level":2,"parentId":"Seamless-Wallet-API","tabIndex":5},"Promo-Win":{"id":"Promo-Win","title":"Promo Win (Reserved for future development)","url":"promo-win.html","level":2,"parentId":"Seamless-Wallet-API","tabIndex":6},"End-Round":{"id":"End-Round","title":"End Round","url":"end-round.html","level":2,"parentId":"Seamless-Wallet-API","tabIndex":7},"Cancel-Round":{"id":"Cancel-Round","title":"Cancel","url":"cancel-round.html","level":2,"parentId":"Seamless-Wallet-API","tabIndex":8},"Error-code-for-seamless-Wallet":{"id":"Error-code-for-seamless-Wallet","title":"Error code for seamless Wallet","url":"error-code-for-seamless-wallet.html","level":2,"parentId":"Seamless-Wallet-API","tabIndex":9},"Transfer-Wallet-API":{"id":"Transfer-Wallet-API","title":"Transfer Wallet API (Reserved for future development)","url":"transfer-wallet-api.html","level":1,"parentId":"luckymonaco-v4","pages":["Create-User","Create-Wallet","Deposit-Balance","Withdrawl-balance","User-Info","Get-Balance","Get-transfer-status","Error-Code","Get-Slot-Log"],"tabIndex":3},"Create-User":{"id":"Create-User","title":"Create User","url":"create-user.html","level":2,"parentId":"Transfer-Wallet-API","tabIndex":0},"Create-Wallet":{"id":"Create-Wallet","title":"Create Wallet","url":"create-wallet.html","level":2,"parentId":"Transfer-Wallet-API","tabIndex":1},"Deposit-Balance":{"id":"Deposit-Balance","title":"Deposit Balance","url":"deposit-balance.html","level":2,"parentId":"Transfer-Wallet-API","tabIndex":2},"Withdrawl-balance":{"id":"Withdrawl-balance","title":"Withdrawl balance","url":"withdrawl-balance.html","level":2,"parentId":"Transfer-Wallet-API","tabIndex":3},"User-Info":{"id":"User-Info","title":"User Info","url":"user-info.html","level":2,"parentId":"Transfer-Wallet-API","tabIndex":4},"Get-Balance":{"id":"Get-Balance","title":"Get Balance","url":"get-balance.html","level":2,"parentId":"Transfer-Wallet-API","tabIndex":5},"Get-transfer-status":{"id":"Get-transfer-status","title":"Get transfer status","url":"get-transfer-status.html","level":2,"parentId":"Transfer-Wallet-API","tabIndex":6},"Error-Code":{"id":"Error-Code","title":"Error code for Transfer Wallet","url":"error-code.html","level":2,"parentId":"Transfer-Wallet-API","tabIndex":7},"Get-Slot-Log":{"id":"Get-Slot-Log","title":"Get Slot Log","url":"get-slot-log.html","level":2,"parentId":"Transfer-Wallet-API","tabIndex":8},"Free-Round":{"id":"Free-Round","title":"Free Round (Reserved for future development)","url":"free-round.html","level":1,"parentId":"luckymonaco-v4","pages":["Get-Info","Get-Betting-Table-FreeRound","Create-FreeRound","Delete-Freeround","Add-Player","Remove-Player","Error-code-for-Freeround"],"tabIndex":4},"Get-Info":{"id":"Get-Info","title":"Get Info","url":"get-info.html","level":2,"parentId":"Free-Round","tabIndex":0},"Get-Betting-Table-FreeRound":{"id":"Get-Betting-Table-FreeRound","title":"Get Betting Table (FreeRound)","url":"get-betting-table-freeround.html","level":2,"parentId":"Free-Round","tabIndex":1},"Create-FreeRound":{"id":"Create-FreeRound","title":"Create FreeRound","url":"create-freeround.html","level":2,"parentId":"Free-Round","tabIndex":2},"Delete-Freeround":{"id":"Delete-Freeround","title":"Cancel Free Rounds","url":"delete-freeround.html","level":2,"parentId":"Free-Round","tabIndex":3},"Add-Player":{"id":"Add-Player","title":"Add Player","url":"add-player.html","level":2,"parentId":"Free-Round","tabIndex":4},"Remove-Player":{"id":"Remove-Player","title":"Remove Player","url":"remove-player.html","level":2,"parentId":"Free-Round","tabIndex":5},"Error-code-for-Freeround":{"id":"Error-code-for-Freeround","title":"Error code for Freeround","url":"error-code-for-freeround.html","level":2,"parentId":"Free-Round","tabIndex":6},"Game-History-API":{"id":"Game-History-API","title":"Game History API","url":"game-history-api.html","level":1,"parentId":"luckymonaco-v4","pages":["Get-Played-Games","Get-Game-Rounds","Open-Histiory","Get-Round-Status"],"tabIndex":5},"Get-Played-Games":{"id":"Get-Played-Games","title":"Get Played Games","url":"get-played-games.html","level":2,"parentId":"Game-History-API","tabIndex":0},"Get-Game-Rounds":{"id":"Get-Game-Rounds","title":"Get Game Rounds","url":"get-game-rounds.html","level":2,"parentId":"Game-History-API","tabIndex":1},"Open-Histiory":{"id":"Open-Histiory","title":"Open History","url":"open-histiory.html","level":2,"parentId":"Game-History-API","tabIndex":2},"Get-Round-Status":{"id":"Get-Round-Status","title":"Get Round Status","url":"get-round-status.html","level":2,"parentId":"Game-History-API","tabIndex":3}}},"topLevelIds":["luckymonaco-v4"]}