{"entities":{"pages":{"Kyren_V1":{"id":"Kyren_V1","title":"About Kyren API V1.00","url":"kyren-v1.html","level":0,"pages":["Version-Control","Introduction","Data-Type","Integration-API","Seamless-Wallet-API","Transfer-Wallet-API","Game-History-API","Error-Code-1"],"tabIndex":0},"Version-Control":{"id":"Version-Control","title":"Version Control","url":"version-control.html","level":1,"parentId":"Kyren_V1","tabIndex":0},"Introduction":{"id":"Introduction","title":"Introduction","url":"introduction.html","level":1,"parentId":"Kyren_V1","tabIndex":1},"Data-Type":{"id":"Data-Type","title":"Data Type","url":"data-type.html","level":1,"parentId":"Kyren_V1","tabIndex":2},"Integration-API":{"id":"Integration-API","title":"Integration API","url":"integration-api.html","level":1,"parentId":"Kyren_V1","pages":["GetCasinoGames","GetCasinoLanguage","GetCasinoCurrency","Close-Session","Cancel-Round-1","Health-Check","Startgame"],"tabIndex":3},"GetCasinoGames":{"id":"GetCasinoGames","title":"Get Casino Games","url":"getcasinogames.html","level":2,"parentId":"Integration-API","tabIndex":0},"GetCasinoLanguage":{"id":"GetCasinoLanguage","title":"Get Casino Language","url":"getcasinolanguage.html","level":2,"parentId":"Integration-API","tabIndex":1},"GetCasinoCurrency":{"id":"GetCasinoCurrency","title":"Get Casino Currency","url":"getcasinocurrency.html","level":2,"parentId":"Integration-API","tabIndex":2},"Close-Session":{"id":"Close-Session","title":"Close Session","url":"close-session.html","level":2,"parentId":"Integration-API","tabIndex":3},"Cancel-Round-1":{"id":"Cancel-Round-1","title":"Cancel Round by Operator","url":"cancel-round-1.html","level":2,"parentId":"Integration-API","tabIndex":4},"Health-Check":{"id":"Health-Check","title":"Health Check","url":"health-check.html","level":2,"parentId":"Integration-API","tabIndex":5},"Startgame":{"id":"Startgame","title":"Start Game","url":"startgame.html","level":2,"parentId":"Integration-API","tabIndex":6},"Seamless-Wallet-API":{"id":"Seamless-Wallet-API","title":"Seamless Wallet API","url":"seamless-wallet-api.html","level":1,"parentId":"Kyren_V1","pages":["Check","Balance","Bet","Result","End-Round","Cancel-Round","Refund","Session-Expired"],"tabIndex":4},"Check":{"id":"Check","title":"Check","url":"check.html","level":2,"parentId":"Seamless-Wallet-API","tabIndex":0},"Balance":{"id":"Balance","title":"Balance","url":"balance.html","level":2,"parentId":"Seamless-Wallet-API","tabIndex":1},"Bet":{"id":"Bet","title":"Bet","url":"bet.html","level":2,"parentId":"Seamless-Wallet-API","tabIndex":2},"Result":{"id":"Result","title":"Result","url":"result.html","level":2,"parentId":"Seamless-Wallet-API","pages":["Auto-Closing"],"tabIndex":3},"Auto-Closing":{"id":"Auto-Closing","title":"Auto Closing","url":"auto-closing.html","level":3,"parentId":"Result","tabIndex":0},"End-Round":{"id":"End-Round","title":"End Round","url":"end-round.html","level":2,"parentId":"Seamless-Wallet-API","tabIndex":4},"Cancel-Round":{"id":"Cancel-Round","title":"Cancel Bet","url":"cancel-round.html","level":2,"parentId":"Seamless-Wallet-API","tabIndex":5},"Refund":{"id":"Refund","title":"Refund","url":"refund.html","level":2,"parentId":"Seamless-Wallet-API","tabIndex":6},"Session-Expired":{"id":"Session-Expired","title":"Session Expired","url":"session-expired.html","level":2,"parentId":"Seamless-Wallet-API","tabIndex":7},"Transfer-Wallet-API":{"id":"Transfer-Wallet-API","title":"Transfer Wallet API","url":"transfer-wallet-api.html","level":1,"parentId":"Kyren_V1","pages":["Create-User","Create-Wallet","Deposit-Balance","Withdrawl-balance","User-Info","Get-Balance","Get-transfer-status"],"tabIndex":5},"Create-User":{"id":"Create-User","title":"Create User","url":"create-user.html","level":2,"parentId":"Transfer-Wallet-API","tabIndex":0},"Create-Wallet":{"id":"Create-Wallet","title":"Create Wallet","url":"create-wallet.html","level":2,"parentId":"Transfer-Wallet-API","tabIndex":1},"Deposit-Balance":{"id":"Deposit-Balance","title":"Deposit Balance","url":"deposit-balance.html","level":2,"parentId":"Transfer-Wallet-API","tabIndex":2},"Withdrawl-balance":{"id":"Withdrawl-balance","title":"Withdrawl balance","url":"withdrawl-balance.html","level":2,"parentId":"Transfer-Wallet-API","tabIndex":3},"User-Info":{"id":"User-Info","title":"User Info","url":"user-info.html","level":2,"parentId":"Transfer-Wallet-API","tabIndex":4},"Get-Balance":{"id":"Get-Balance","title":"Get Balance","url":"get-balance.html","level":2,"parentId":"Transfer-Wallet-API","tabIndex":5},"Get-transfer-status":{"id":"Get-transfer-status","title":"Get Transfer Info","url":"get-transfer-status.html","level":2,"parentId":"Transfer-Wallet-API","tabIndex":6},"Game-History-API":{"id":"Game-History-API","title":"Game History API","url":"game-history-api.html","level":1,"parentId":"Kyren_V1","pages":["Get-Played-Games","Get-Game-Rounds","Get-Round-Status","Open-Histiory"],"tabIndex":6},"Get-Played-Games":{"id":"Get-Played-Games","title":"Get Played Games","url":"get-played-games.html","level":2,"parentId":"Game-History-API","tabIndex":0},"Get-Game-Rounds":{"id":"Get-Game-Rounds","title":"Get Game Rounds","url":"get-game-rounds.html","level":2,"parentId":"Game-History-API","tabIndex":1},"Get-Round-Status":{"id":"Get-Round-Status","title":"Get Round Status","url":"get-round-status.html","level":2,"parentId":"Game-History-API","tabIndex":2},"Open-Histiory":{"id":"Open-Histiory","title":"Open History","url":"open-histiory.html","level":2,"parentId":"Game-History-API","tabIndex":3},"Error-Code-1":{"id":"Error-Code-1","title":"Error Code","url":"error-code-1.html","level":1,"parentId":"Kyren_V1","tabIndex":7}}},"topLevelIds":["Kyren_V1"]}